{"cameraMode":{"drawMode":0,"name":"Shaded","section":"Shading Mode"},"sceneLighting":false,"audioPlay":false,"sceneViewState":{"showFog":true,"showMaterialUpdate":false,"showSkybox":false,"showFlares":true,"showImageEffects":true,"showParticleSystems":true},"in2DMode":false,"pivot":{"x":0.2178986817598343,"y":0.33929643034935,"z":0.03284884989261627},"rotation":{"x":0.027880925685167314,"y":-0.03148304671049118,"z":0.0008785242680460215,"w":0.9991168975830078},"size":2.0907914638519289,"orthographic":false}