{"cameraMode":{"drawMode":0,"name":"Shaded","section":"Shading Mode"},"sceneLighting":false,"audioPlay":false,"sceneViewState":{"showFog":true,"showMaterialUpdate":false,"showSkybox":false,"showFlares":true,"showImageEffects":true,"showParticleSystems":true},"in2DMode":false,"pivot":{"x":2.673616409301758,"y":1.3245433568954468,"z":-0.7842065095901489},"rotation":{"x":0.33927905559539797,"y":-0.09488099813461304,"z":0.034417763352394107,"w":0.9352614283561707},"size":4.734673976898193,"orthographic":false}