{"cameraMode":{"drawMode":0,"name":"Shaded","section":"Shading Mode"},"sceneLighting":false,"audioPlay":false,"sceneViewState":{"showFog":true,"showMaterialUpdate":false,"showSkybox":false,"showFlares":true,"showImageEffects":true,"showParticleSystems":true},"in2DMode":false,"pivot":{"x":0.053871750831604007,"y":0.06018179655075073,"z":0.0},"rotation":{"x":0.0011814495082944632,"y":-0.12507648766040803,"z":-0.000151937929331325,"w":-0.9921656250953674},"size":3.045681953430176,"orthographic":false}